name,location
A,-73.64494236  45.51034459
B,-73.57122352  45.50435854
C,-73.60912456  45.46832885
D,-73.75833998  45.4785808 