name ,location
A,-73.61342504  45.51804475
B,-73.56977952  45.50283563
C,-73.7983471  45.4606171
D,-73.61157475  45.4665379 
E,-73.69867968  45.49307178