name,location
A,-73.61342504 45.51804475
B,-73.56996914 45.50193097
C,-73.61157475 45.4665379 
D,-73.7983471 45.4606171
E,-73.69867968 45.49307178
F,-73.5579598 45.55922568