name,location
A,[-73.56372819  45.50471308]
B,[-73.8568222  45.4474399]
C,[-73.62910137  45.51491235]
D,[-73.6190473   45.46795554]
E,[-73.71667988  45.48791952]
F,[-73.5847989   45.52307591]
G,[-73.57936447  45.48675724]