name,location
A,-73.56367802  45.50491004
B,-73.7983471  45.4606171
C,-73.59808861  45.51945735
D,-73.61925182  45.46908932
E,-73.68637631  45.49730413
F,-73.5579598   45.55922568
G,-73.57986258  45.48856344
H,-73.5460882  45.3927622